Date,Earner ID,Earner Name,From User ID,Level,Amount (Tokens),Product ID
01-03-2026,4,SURESHKUMAR HIRALAL PATEL,130,2,25.71,69d4a7d897d64f202a893385
01-03-2026,1,Dev Manish Shah,130,4,13.71,69d4a7d897d64f202a893385
01-03-2026,12,KANTIBHAI R PRAJAPATI ,130,1,51.43,69d4a7d897d64f202a893385
01-03-2026,3,NIRMALABEN SURESHBHAI PATEL,130,3,17.14,69d4a7d897d64f202a893385
11-03-2026,4,SURESHKUMAR HIRALAL PATEL,130,2,1002.86,69d4a7d897d64f202a893388
11-03-2026,1,Dev Manish Shah,130,4,534.86,69d4a7d897d64f202a893388
11-03-2026,12,KANTIBHAI R PRAJAPATI ,130,1,2005.71,69d4a7d897d64f202a893388
11-03-2026,3,NIRMALABEN SURESHBHAI PATEL,130,3,668.57,69d4a7d897d64f202a893388
15-03-2026,16,JIMY MAHESHBHAI VAIDYA,818,2,25.71,69d4a7d897d64f202a89338a
15-03-2026,4,SURESHKUMAR HIRALAL PATEL,818,4,13.71,69d4a7d897d64f202a89338a
15-03-2026,1,Dev Manish Shah,818,6,8.57,69d4a7d897d64f202a89338a
15-03-2026,8,DILIPKUMAR DAHYABHAI GANDHI,818,3,17.14,69d4a7d897d64f202a89338a
15-03-2026,257,JAYANTILAL MANILAL PRAJAPAT,818,1,51.43,69d4a7d897d64f202a89338a
15-03-2026,3,NIRMALABEN SURESHBHAI PATEL,818,5,8.57,69d4a7d897d64f202a89338a
19-03-2026,865,BHATT VIRALKUMAR HARAVDANBHAI,1050,2,1028.57,69d4a7d897d64f202a89338d
19-03-2026,3,NIRMALABEN SURESHBHAI PATEL,1050,5,342.86,69d4a7d897d64f202a89338d
19-03-2026,906,BHATT HETALBEN VIRALKUMAR,1050,1,2057.14,69d4a7d897d64f202a89338d
19-03-2026,1,Dev Manish Shah,1050,6,342.86,69d4a7d897d64f202a89338d
19-03-2026,4,SURESHKUMAR HIRALAL PATEL,1050,4,548.57,69d4a7d897d64f202a89338d
19-03-2026,862,Diwan Aiyubsha Rahimsha,1050,3,685.71,69d4a7d897d64f202a89338d
21-03-2026,880,Vyas Urmilaben Rashiklal,1049,1,2057.14,69d4a7d897d64f202a89338e
21-03-2026,707,NITI VIKAS SHAH,1052,1,2057.14,69d4a7d897d64f202a89338f
21-03-2026,1,Dev Manish Shah,1052,2,1028.57,69d4a7d897d64f202a89338f
22-03-2026,1,Dev Manish Shah,955,6,17.14,69d4a7d897d64f202a893392
22-03-2026,862,Diwan Aiyubsha Rahimsha,955,3,34.29,69d4a7d897d64f202a893392
22-03-2026,865,BHATT VIRALKUMAR HARAVDANBHAI,955,2,51.43,69d4a7d897d64f202a893392
22-03-2026,906,BHATT HETALBEN VIRALKUMAR,955,1,102.86,69d4a7d897d64f202a893392
22-03-2026,4,SURESHKUMAR HIRALAL PATEL,955,4,27.43,69d4a7d897d64f202a893392
22-03-2026,3,NIRMALABEN SURESHBHAI PATEL,955,5,17.14,69d4a7d897d64f202a893392
24-03-2026,906,BHATT HETALBEN VIRALKUMAR,1054,1,2057.14,69d4a7d897d64f202a893393
24-03-2026,1,Dev Manish Shah,1054,6,342.86,69d4a7d897d64f202a893393
24-03-2026,4,SURESHKUMAR HIRALAL PATEL,1054,4,548.57,69d4a7d897d64f202a893393
24-03-2026,862,Diwan Aiyubsha Rahimsha,1054,3,685.71,69d4a7d897d64f202a893393
24-03-2026,865,BHATT VIRALKUMAR HARAVDANBHAI,1054,2,1028.57,69d4a7d897d64f202a893393
24-03-2026,3,NIRMALABEN SURESHBHAI PATEL,1054,5,342.86,69d4a7d897d64f202a893393
25-03-2026,1054,Bhatt Paras Haravadanbhai,1055,1,2057.14,69d4a7d897d64f202a893395
25-03-2026,4,SURESHKUMAR HIRALAL PATEL,1055,5,342.86,69d4a7d897d64f202a893395
25-03-2026,865,BHATT VIRALKUMAR HARAVDANBHAI,1055,3,685.71,69d4a7d897d64f202a893395
25-03-2026,906,BHATT HETALBEN VIRALKUMAR,1055,2,1028.57,69d4a7d897d64f202a893395
25-03-2026,862,Diwan Aiyubsha Rahimsha,1055,4,548.57,69d4a7d897d64f202a893395
25-03-2026,3,NIRMALABEN SURESHBHAI PATEL,1055,6,342.86,69d4a7d897d64f202a893395
25-03-2026,1,Dev Manish Shah,1055,7,205.71,69d4a7d897d64f202a893395
25-03-2026,8,DILIPKUMAR DAHYABHAI GANDHI,818,3,685.71,69d4a7d897d64f202a893396
25-03-2026,3,NIRMALABEN SURESHBHAI PATEL,818,5,342.86,69d4a7d897d64f202a893396
25-03-2026,257,JAYANTILAL MANILAL PRAJAPAT,818,1,2057.14,69d4a7d897d64f202a893396
25-03-2026,16,JIMY MAHESHBHAI VAIDYA,818,2,1028.57,69d4a7d897d64f202a893396
25-03-2026,1,Dev Manish Shah,818,6,342.86,69d4a7d897d64f202a893396
25-03-2026,4,SURESHKUMAR HIRALAL PATEL,818,4,548.57,69d4a7d897d64f202a893396
27-03-2026,1052,Bhandari Yashwant Om Prakash,1056,1,2057.14,69d4a7d897d64f202a893397
27-03-2026,1,Dev Manish Shah,1056,3,685.71,69d4a7d897d64f202a893397
27-03-2026,707,NITI VIKAS SHAH,1056,2,1028.57,69d4a7d897d64f202a893397
31-03-2026,707,NITI VIKAS SHAH,764,1,1594.29,69d4a7d897d64f202a893398
31-03-2026,1,Dev Manish Shah,764,2,797.14,69d4a7d897d64f202a893398
01-04-2026,3,NIRMALABEN SURESHBHAI PATEL,1060,6,8.57,69d4a7d897d64f202a893399
01-04-2026,11,HEMANGINIBEN DILIPBHAI GANDHI,1060,3,17.14,69d4a7d897d64f202a893399
01-04-2026,8,DILIPKUMAR DAHYABHAI GANDHI,1060,4,13.71,69d4a7d897d64f202a893399
01-04-2026,1,Dev Manish Shah,1060,7,5.14,69d4a7d897d64f202a893399
01-04-2026,282,GANDHI AXTA DILIPKUMAR,1060,2,25.71,69d4a7d897d64f202a893399
01-04-2026,820,SINDHA CHIMANBHAI KARSHANBHAI,1060,1,51.43,69d4a7d897d64f202a893399
01-04-2026,4,SURESHKUMAR HIRALAL PATEL,1060,5,8.57,69d4a7d897d64f202a893399
02-04-2026,1,Dev Manish Shah,881,2,1002.86,69d4a7d897d64f202a89339a
02-04-2026,707,NITI VIKAS SHAH,881,1,2005.71,69d4a7d897d64f202a89339a
02-04-2026,849,PATEL NIRAVKUMAR RAMCHANDRA,1058,1,51.43,69d4a7d897d64f202a89339b
02-04-2026,1,Dev Manish Shah,1063,3,685.71,69d4a7d897d64f202a89339c
02-04-2026,707,NITI VIKAS SHAH,1063,2,1028.57,69d4a7d897d64f202a89339c
02-04-2026,1052,Bhandari Yashwant Om Prakash,1063,1,2057.14,69d4a7d897d64f202a89339c
02-04-2026,1,Dev Manish Shah,1062,3,685.71,69d4a7d897d64f202a89339f
02-04-2026,707,NITI VIKAS SHAH,1062,2,1028.57,69d4a7d897d64f202a89339f
02-04-2026,1052,Bhandari Yashwant Om Prakash,1062,1,2057.14,69d4a7d897d64f202a89339f
02-04-2026,3,NIRMALABEN SURESHBHAI PATEL,1067,4,548.57,69d4a7d897d64f202a8933a1
02-04-2026,16,JIMY MAHESHBHAI VAIDYA,1067,1,2057.14,69d4a7d897d64f202a8933a1
02-04-2026,8,DILIPKUMAR DAHYABHAI GANDHI,1067,2,1028.57,69d4a7d897d64f202a8933a1
02-04-2026,1,Dev Manish Shah,1067,5,342.86,69d4a7d897d64f202a8933a1
02-04-2026,4,SURESHKUMAR HIRALAL PATEL,1067,3,685.71,69d4a7d897d64f202a8933a1
03-04-2026,1,Dev Manish Shah,1069,4,548.57,69d4a7d897d64f202a8933a2
03-04-2026,4,SURESHKUMAR HIRALAL PATEL,1069,2,1028.57,69d4a7d897d64f202a8933a2
03-04-2026,3,NIRMALABEN SURESHBHAI PATEL,1069,3,685.71,69d4a7d897d64f202a8933a2
03-04-2026,862,Diwan Aiyubsha Rahimsha,1069,1,2057.14,69d4a7d897d64f202a8933a2
03-04-2026,1,Dev Manish Shah,607,3,102.86,69d4a7d897d64f202a8933a3
03-04-2026,4,SURESHKUMAR HIRALAL PATEL,607,1,308.57,69d4a7d897d64f202a8933a3
03-04-2026,3,NIRMALABEN SURESHBHAI PATEL,607,2,154.29,69d4a7d897d64f202a8933a3
03-04-2026,3,NIRMALABEN SURESHBHAI PATEL,14,2,25.71,69d4a7d897d64f202a8933a5
03-04-2026,1,Dev Manish Shah,14,3,17.14,69d4a7d897d64f202a8933a5
03-04-2026,4,SURESHKUMAR HIRALAL PATEL,14,1,51.43,69d4a7d897d64f202a8933a5
06-04-2026,17,Ripalkumar Doshi ,1064,1,51.43,69d4a7d897d64f202a8933a6
06-04-2026,4,SURESHKUMAR HIRALAL PATEL,1064,3,17.14,69d4a7d897d64f202a8933a6
06-04-2026,3,NIRMALABEN SURESHBHAI PATEL,1064,4,13.71,69d4a7d897d64f202a8933a6
06-04-2026,8,DILIPKUMAR DAHYABHAI GANDHI,1064,2,25.71,69d4a7d897d64f202a8933a6
06-04-2026,1,Dev Manish Shah,1064,5,8.57,69d4a7d897d64f202a8933a6
06-04-2026,1,Dev Manish Shah,1065,6,8.57,69d4a7d897d64f202a8933a7
06-04-2026,3,NIRMALABEN SURESHBHAI PATEL,1065,5,8.57,69d4a7d897d64f202a8933a7
06-04-2026,8,DILIPKUMAR DAHYABHAI GANDHI,1065,3,17.14,69d4a7d897d64f202a8933a7
06-04-2026,17,Ripalkumar Doshi ,1065,2,25.71,69d4a7d897d64f202a8933a7
06-04-2026,4,SURESHKUMAR HIRALAL PATEL,1065,4,13.71,69d4a7d897d64f202a8933a7
06-04-2026,1064,PARMAR KALPESH JASHBHAI,1065,1,51.43,69d4a7d897d64f202a8933a7
16-04-2026,1,Dev Manish Shah,1070,1,36,69e0c4feee6dca307284eecb
16-04-2026,1,Dev Manish Shah,1070,1,36,69e0d3f904bf3dd3811e1f07
30-04-2026,1074,Testing User3,1081,7,30,69f33cab003b49ffc9a65c11
30-04-2026,1,Dev Manish Shah,1081,10,20,69f33cab003b49ffc9a65c11
30-04-2026,1072,Testing User1,1081,9,30,69f33cab003b49ffc9a65c11
30-04-2026,1073,Testing User2,1081,8,30,69f33cab003b49ffc9a65c11
30-04-2026,1075,Testing User4,1081,6,50,69f33cab003b49ffc9a65c11
30-04-2026,1077,Testing User6,1081,4,80,69f33cab003b49ffc9a65c11
30-04-2026,1078,Testing User7,1081,3,100,69f33cab003b49ffc9a65c11
30-04-2026,1079,Testing User8,1081,2,150,69f33cab003b49ffc9a65c11
30-04-2026,1080,Testing User9,1081,1,300,69f33cab003b49ffc9a65c11
30-04-2026,1076,Testing User5,1081,5,50,69f33cab003b49ffc9a65c11
01-05-2026,1,Dev Manish Shah,707,1,30,69f418fee69309b93f21c24c
02-05-2026,1083,Amrit,1106,23,0.5,69f5d221741a505fca8cfcf4
02-05-2026,1092,Ishan,1106,14,2,69f5d221741a505fca8cfcf4
02-05-2026,1091,Reyansh,1106,15,1,69f5d221741a505fca8cfcf4
02-05-2026,1090,Vivan,1106,16,1,69f5d221741a505fca8cfcf4
02-05-2026,1089,Ayan,1106,17,1,69f5d221741a505fca8cfcf4
02-05-2026,1087,Karan,1106,19,1,69f5d221741a505fca8cfcf4
02-05-2026,1086,Rahul,1106,20,0.5,69f5d221741a505fca8cfcf4
02-05-2026,1085,Harsh,1106,21,0.5,69f5d221741a505fca8cfcf4
02-05-2026,1084,Meet,1106,22,0.5,69f5d221741a505fca8cfcf4
02-05-2026,1082,Joy,1106,24,0.5,69f5d221741a505fca8cfcf4
02-05-2026,1108,Prayag,1106,25,0.5,69f5d221741a505fca8cfcf4
02-05-2026,1088,Vikram,1106,18,1,69f5d221741a505fca8cfcf4
02-05-2026,1094,Shaurya,1106,12,2,69f5d221741a505fca8cfcf4
02-05-2026,1093,Kabir,1106,13,2,69f5d221741a505fca8cfcf4
02-05-2026,1104,Noah,1106,2,15,69f5d221741a505fca8cfcf4
02-05-2026,1103,Liam,1106,3,10,69f5d221741a505fca8cfcf4
02-05-2026,1102,Yuv,1106,4,8,69f5d221741a505fca8cfcf4
02-05-2026,1101,Dev,1106,5,5,69f5d221741a505fca8cfcf4
02-05-2026,1100,Krish,1106,6,5,69f5d221741a505fca8cfcf4
02-05-2026,1099,Zayan,1106,7,3,69f5d221741a505fca8cfcf4
02-05-2026,1098,Neil,1106,8,3,69f5d221741a505fca8cfcf4
02-05-2026,1105,Ethan,1106,1,30,69f5d221741a505fca8cfcf4
02-05-2026,1097,Ved,1106,9,3,69f5d221741a505fca8cfcf4
02-05-2026,1096,OM,1106,10,2,69f5d221741a505fca8cfcf4
02-05-2026,1095,Aryan,1106,11,2,69f5d221741a505fca8cfcf4
02-05-2026,1122,Suresh,1132,10,20,69f5d244741a505fca8cfd2d
02-05-2026,1117,Darsh,1132,15,10,69f5d244741a505fca8cfd2d
02-05-2026,1116,Kiaan,1132,16,10,69f5d244741a505fca8cfd2d
02-05-2026,1118,Haridaan,1132,14,20,69f5d244741a505fca8cfd2d
02-05-2026,1115,Vihan,1132,17,10,69f5d244741a505fca8cfd2d
02-05-2026,1114,Aadvik,1132,18,10,69f5d244741a505fca8cfd2d
02-05-2026,1113,Daniel,1132,19,10,69f5d244741a505fca8cfd2d
02-05-2026,1112,Oliver,1132,20,5,69f5d244741a505fca8cfd2d
02-05-2026,1111,Arav,1132,21,5,69f5d244741a505fca8cfd2d
02-05-2026,1110,Rudra,1132,22,5,69f5d244741a505fca8cfd2d
02-05-2026,1109,Sukan,1132,23,5,69f5d244741a505fca8cfd2d
02-05-2026,1107,Nilam,1132,24,5,69f5d244741a505fca8cfd2d
02-05-2026,1108,Prayag,1132,25,5,69f5d244741a505fca8cfd2d
02-05-2026,1120,Rivaan,1132,12,20,69f5d244741a505fca8cfd2d
02-05-2026,1131,Eklavya,1132,1,300,69f5d244741a505fca8cfd2d
02-05-2026,1130,Samarth,1132,2,150,69f5d244741a505fca8cfd2d
02-05-2026,1129,Rishit,1132,3,100,69f5d244741a505fca8cfd2d
02-05-2026,1128,Tvesa,1132,4,80,69f5d244741a505fca8cfd2d
02-05-2026,1127,Aaryav,1132,5,50,69f5d244741a505fca8cfd2d
02-05-2026,1126,Govind,1132,6,50,69f5d244741a505fca8cfd2d
02-05-2026,1125,Prakash,1132,7,30,69f5d244741a505fca8cfd2d
02-05-2026,1124,Harshad,1132,8,30,69f5d244741a505fca8cfd2d
02-05-2026,1123,Mahesh,1132,9,30,69f5d244741a505fca8cfd2d
02-05-2026,1121,Aniket,1132,11,20,69f5d244741a505fca8cfd2d
02-05-2026,1119,Avyaan,1132,13,20,69f5d244741a505fca8cfd2d
02-05-2026,1092,Ishan,1133,15,40,69f5d6e39abf717e258b5f45
02-05-2026,1091,Reyansh,1133,16,40,69f5d6e39abf717e258b5f45
02-05-2026,1090,Vivan,1133,17,40,69f5d6e39abf717e258b5f45
02-05-2026,1093,Kabir,1133,14,80,69f5d6e39abf717e258b5f45
02-05-2026,1089,Ayan,1133,18,40,69f5d6e39abf717e258b5f45
02-05-2026,1088,Vikram,1133,19,40,69f5d6e39abf717e258b5f45
02-05-2026,1087,Karan,1133,20,20,69f5d6e39abf717e258b5f45
02-05-2026,1086,Rahul,1133,21,20,69f5d6e39abf717e258b5f45
02-05-2026,1084,Meet,1133,23,20,69f5d6e39abf717e258b5f45
02-05-2026,1083,Amrit,1133,24,20,69f5d6e39abf717e258b5f45
02-05-2026,1082,Joy,1133,25,20,69f5d6e39abf717e258b5f45
02-05-2026,1085,Harsh,1133,22,20,69f5d6e39abf717e258b5f45
02-05-2026,1095,Aryan,1133,12,80,69f5d6e39abf717e258b5f45
02-05-2026,1094,Shaurya,1133,13,80,69f5d6e39abf717e258b5f45
02-05-2026,1106,Leo,1133,1,1200,69f5d6e39abf717e258b5f45
02-05-2026,1105,Ethan,1133,2,600,69f5d6e39abf717e258b5f45
02-05-2026,1104,Noah,1133,3,400,69f5d6e39abf717e258b5f45
02-05-2026,1103,Liam,1133,4,320,69f5d6e39abf717e258b5f45
02-05-2026,1102,Yuv,1133,5,200,69f5d6e39abf717e258b5f45
02-05-2026,1100,Krish,1133,7,120,69f5d6e39abf717e258b5f45
02-05-2026,1099,Zayan,1133,8,120,69f5d6e39abf717e258b5f45
02-05-2026,1098,Neil,1133,9,120,69f5d6e39abf717e258b5f45
02-05-2026,1097,Ved,1133,10,80,69f5d6e39abf717e258b5f45
02-05-2026,1096,OM,1133,11,80,69f5d6e39abf717e258b5f45
02-05-2026,1101,Dev,1133,6,200,69f5d6e39abf717e258b5f45
02-05-2026,1093,Kabir,1134,14,46,69f5d71c9abf717e258b5f57
02-05-2026,1092,Ishan,1134,15,23,69f5d71c9abf717e258b5f57
02-05-2026,1091,Reyansh,1134,16,23,69f5d71c9abf717e258b5f57
02-05-2026,1090,Vivan,1134,17,23,69f5d71c9abf717e258b5f57
02-05-2026,1089,Ayan,1134,18,23,69f5d71c9abf717e258b5f57
02-05-2026,1088,Vikram,1134,19,23,69f5d71c9abf717e258b5f57
02-05-2026,1087,Karan,1134,20,11.5,69f5d71c9abf717e258b5f57
02-05-2026,1086,Rahul,1134,21,11.5,69f5d71c9abf717e258b5f57
02-05-2026,1085,Harsh,1134,22,11.5,69f5d71c9abf717e258b5f57
02-05-2026,1084,Meet,1134,23,11.5,69f5d71c9abf717e258b5f57
02-05-2026,1083,Amrit,1134,24,11.5,69f5d71c9abf717e258b5f57
02-05-2026,1082,Joy,1134,25,11.5,69f5d71c9abf717e258b5f57
02-05-2026,1094,Shaurya,1134,13,46,69f5d71c9abf717e258b5f57
02-05-2026,1095,Aryan,1134,12,46,69f5d71c9abf717e258b5f57
02-05-2026,1106,Leo,1134,1,690,69f5d71c9abf717e258b5f57
02-05-2026,1105,Ethan,1134,2,345,69f5d71c9abf717e258b5f57
02-05-2026,1104,Noah,1134,3,230,69f5d71c9abf717e258b5f57
02-05-2026,1103,Liam,1134,4,184,69f5d71c9abf717e258b5f57
02-05-2026,1102,Yuv,1134,5,115,69f5d71c9abf717e258b5f57
02-05-2026,1101,Dev,1134,6,115,69f5d71c9abf717e258b5f57
02-05-2026,1099,Zayan,1134,8,69,69f5d71c9abf717e258b5f57
02-05-2026,1098,Neil,1134,9,69,69f5d71c9abf717e258b5f57
02-05-2026,1097,Ved,1134,10,46,69f5d71c9abf717e258b5f57
02-05-2026,1096,OM,1134,11,46,69f5d71c9abf717e258b5f57
02-05-2026,1100,Krish,1134,7,69,69f5d71c9abf717e258b5f57
02-05-2026,1119,Avyaan,1135,14,80,69f5d746730652d7831bcbbe
02-05-2026,1118,Haridaan,1135,15,40,69f5d746730652d7831bcbbe
02-05-2026,1117,Darsh,1135,16,40,69f5d746730652d7831bcbbe
02-05-2026,1116,Kiaan,1135,17,40,69f5d746730652d7831bcbbe
02-05-2026,1115,Vihan,1135,18,40,69f5d746730652d7831bcbbe
02-05-2026,1114,Aadvik,1135,19,40,69f5d746730652d7831bcbbe
02-05-2026,1113,Daniel,1135,20,20,69f5d746730652d7831bcbbe
02-05-2026,1112,Oliver,1135,21,20,69f5d746730652d7831bcbbe
02-05-2026,1111,Arav,1135,22,20,69f5d746730652d7831bcbbe
02-05-2026,1110,Rudra,1135,23,20,69f5d746730652d7831bcbbe
02-05-2026,1109,Sukan,1135,24,20,69f5d746730652d7831bcbbe
02-05-2026,1107,Nilam,1135,25,20,69f5d746730652d7831bcbbe
02-05-2026,1120,Rivaan,1135,13,80,69f5d746730652d7831bcbbe
02-05-2026,1121,Aniket,1135,12,80,69f5d746730652d7831bcbbe
02-05-2026,1132,Pranith,1135,1,1200,69f5d746730652d7831bcbbe
02-05-2026,1131,Eklavya,1135,2,600,69f5d746730652d7831bcbbe
02-05-2026,1130,Samarth,1135,3,400,69f5d746730652d7831bcbbe
02-05-2026,1129,Rishit,1135,4,320,69f5d746730652d7831bcbbe
02-05-2026,1128,Tvesa,1135,5,200,69f5d746730652d7831bcbbe
02-05-2026,1127,Aaryav,1135,6,200,69f5d746730652d7831bcbbe
02-05-2026,1125,Prakash,1135,8,120,69f5d746730652d7831bcbbe
02-05-2026,1124,Harshad,1135,9,120,69f5d746730652d7831bcbbe
02-05-2026,1123,Mahesh,1135,10,80,69f5d746730652d7831bcbbe
02-05-2026,1122,Suresh,1135,11,80,69f5d746730652d7831bcbbe
02-05-2026,1126,Govind,1135,7,120,69f5d746730652d7831bcbbe
02-05-2026,1118,Haridaan,1136,15,23,69f5d7938d3eb6061a223251
02-05-2026,1117,Darsh,1136,16,23,69f5d7938d3eb6061a223251
02-05-2026,1116,Kiaan,1136,17,23,69f5d7938d3eb6061a223251
02-05-2026,1115,Vihan,1136,18,23,69f5d7938d3eb6061a223251
02-05-2026,1114,Aadvik,1136,19,23,69f5d7938d3eb6061a223251
02-05-2026,1113,Daniel,1136,20,11.5,69f5d7938d3eb6061a223251
02-05-2026,1112,Oliver,1136,21,11.5,69f5d7938d3eb6061a223251
02-05-2026,1111,Arav,1136,22,11.5,69f5d7938d3eb6061a223251
02-05-2026,1110,Rudra,1136,23,11.5,69f5d7938d3eb6061a223251
02-05-2026,1109,Sukan,1136,24,11.5,69f5d7938d3eb6061a223251
02-05-2026,1107,Nilam,1136,25,11.5,69f5d7938d3eb6061a223251
02-05-2026,1119,Avyaan,1136,14,46,69f5d7938d3eb6061a223251
02-05-2026,1129,Rishit,1136,4,184,69f5d7938d3eb6061a223251
02-05-2026,1132,Pranith,1136,1,690,69f5d7938d3eb6061a223251
02-05-2026,1120,Rivaan,1136,13,46,69f5d7938d3eb6061a223251
02-05-2026,1131,Eklavya,1136,2,345,69f5d7938d3eb6061a223251
02-05-2026,1130,Samarth,1136,3,230,69f5d7938d3eb6061a223251
02-05-2026,1128,Tvesa,1136,5,115,69f5d7938d3eb6061a223251
02-05-2026,1127,Aaryav,1136,6,115,69f5d7938d3eb6061a223251
02-05-2026,1126,Govind,1136,7,69,69f5d7938d3eb6061a223251
02-05-2026,1125,Prakash,1136,8,69,69f5d7938d3eb6061a223251
02-05-2026,1124,Harshad,1136,9,69,69f5d7938d3eb6061a223251
02-05-2026,1123,Mahesh,1136,10,46,69f5d7938d3eb6061a223251
02-05-2026,1122,Suresh,1136,11,46,69f5d7938d3eb6061a223251
02-05-2026,1121,Aniket,1136,12,46,69f5d7938d3eb6061a223251
04-05-2026,1108,Prayag,1106,25,0.5,69f87e3e63356756194b600e
04-05-2026,1091,Reyansh,1106,15,1,69f87e3e63356756194b600e
04-05-2026,1090,Vivan,1106,16,1,69f87e3e63356756194b600e
04-05-2026,1089,Ayan,1106,17,1,69f87e3e63356756194b600e
04-05-2026,1088,Vikram,1106,18,1,69f87e3e63356756194b600e
04-05-2026,1087,Karan,1106,19,1,69f87e3e63356756194b600e
04-05-2026,1092,Ishan,1106,14,2,69f87e3e63356756194b600e
04-05-2026,1086,Rahul,1106,20,0.5,69f87e3e63356756194b600e
04-05-2026,1085,Harsh,1106,21,0.5,69f87e3e63356756194b600e
04-05-2026,1084,Meet,1106,22,0.5,69f87e3e63356756194b600e
04-05-2026,1083,Amrit,1106,23,0.5,69f87e3e63356756194b600e
04-05-2026,1082,Joy,1106,24,0.5,69f87e3e63356756194b600e
04-05-2026,1099,Zayan,1106,7,3,69f87e3e63356756194b600e
04-05-2026,1094,Shaurya,1106,12,2,69f87e3e63356756194b600e
04-05-2026,1093,Kabir,1106,13,2,69f87e3e63356756194b600e
04-05-2026,1105,Ethan,1106,1,30,69f87e3e63356756194b600e
04-05-2026,1104,Noah,1106,2,15,69f87e3e63356756194b600e
04-05-2026,1103,Liam,1106,3,10,69f87e3e63356756194b600e
04-05-2026,1102,Yuv,1106,4,8,69f87e3e63356756194b600e
04-05-2026,1101,Dev,1106,5,5,69f87e3e63356756194b600e
04-05-2026,1098,Neil,1106,8,3,69f87e3e63356756194b600e
04-05-2026,1097,Ved,1106,9,3,69f87e3e63356756194b600e
04-05-2026,1096,OM,1106,10,2,69f87e3e63356756194b600e
04-05-2026,1095,Aryan,1106,11,2,69f87e3e63356756194b600e
04-05-2026,1100,Krish,1106,6,5,69f87e3e63356756194b600e
04-05-2026,1116,Kiaan,1131,15,3,69f89395b3cfe63d9e9c265d
04-05-2026,1115,Vihan,1131,16,3,69f89395b3cfe63d9e9c265d
04-05-2026,1114,Aadvik,1131,17,3,69f89395b3cfe63d9e9c265d
04-05-2026,1113,Daniel,1131,18,3,69f89395b3cfe63d9e9c265d
04-05-2026,1112,Oliver,1131,19,3,69f89395b3cfe63d9e9c265d
04-05-2026,1111,Arav,1131,20,1.5,69f89395b3cfe63d9e9c265d
04-05-2026,1110,Rudra,1131,21,1.5,69f89395b3cfe63d9e9c265d
04-05-2026,1109,Sukan,1131,22,1.5,69f89395b3cfe63d9e9c265d
04-05-2026,1107,Nilam,1131,23,1.5,69f89395b3cfe63d9e9c265d
04-05-2026,1108,Prayag,1131,24,1.5,69f89395b3cfe63d9e9c265d
04-05-2026,1,Dev Manish Shah,1131,25,1.5,69f89395b3cfe63d9e9c265d
04-05-2026,1117,Darsh,1131,14,6,69f89395b3cfe63d9e9c265d
04-05-2026,1127,Aaryav,1131,4,24,69f89395b3cfe63d9e9c265d
04-05-2026,1130,Samarth,1131,1,90,69f89395b3cfe63d9e9c265d
04-05-2026,1118,Haridaan,1131,13,6,69f89395b3cfe63d9e9c265d
04-05-2026,1129,Rishit,1131,2,45,69f89395b3cfe63d9e9c265d
04-05-2026,1128,Tvesa,1131,3,30,69f89395b3cfe63d9e9c265d
04-05-2026,1126,Govind,1131,5,15,69f89395b3cfe63d9e9c265d
04-05-2026,1125,Prakash,1131,6,15,69f89395b3cfe63d9e9c265d
04-05-2026,1124,Harshad,1131,7,9,69f89395b3cfe63d9e9c265d
04-05-2026,1123,Mahesh,1131,8,9,69f89395b3cfe63d9e9c265d
04-05-2026,1122,Suresh,1131,9,9,69f89395b3cfe63d9e9c265d
04-05-2026,1121,Aniket,1131,10,6,69f89395b3cfe63d9e9c265d
04-05-2026,1120,Rivaan,1131,11,6,69f89395b3cfe63d9e9c265d
04-05-2026,1119,Avyaan,1131,12,6,69f89395b3cfe63d9e9c265d
04-05-2026,1,Dev Manish Shah,1131,25,0.5,69f894216c99ae99b83c3b51
04-05-2026,1116,Kiaan,1131,15,1,69f894216c99ae99b83c3b51
04-05-2026,1115,Vihan,1131,16,1,69f894216c99ae99b83c3b51
04-05-2026,1114,Aadvik,1131,17,1,69f894216c99ae99b83c3b51
04-05-2026,1113,Daniel,1131,18,1,69f894216c99ae99b83c3b51
04-05-2026,1112,Oliver,1131,19,1,69f894216c99ae99b83c3b51
04-05-2026,1117,Darsh,1131,14,2,69f894216c99ae99b83c3b51
04-05-2026,1111,Arav,1131,20,0.5,69f894216c99ae99b83c3b51
04-05-2026,1110,Rudra,1131,21,0.5,69f894216c99ae99b83c3b51
04-05-2026,1109,Sukan,1131,22,0.5,69f894216c99ae99b83c3b51
04-05-2026,1107,Nilam,1131,23,0.5,69f894216c99ae99b83c3b51
04-05-2026,1108,Prayag,1131,24,0.5,69f894216c99ae99b83c3b51
04-05-2026,1124,Harshad,1131,7,3,69f894216c99ae99b83c3b51
04-05-2026,1119,Avyaan,1131,12,2,69f894216c99ae99b83c3b51
04-05-2026,1118,Haridaan,1131,13,2,69f894216c99ae99b83c3b51
04-05-2026,1130,Samarth,1131,1,30,69f894216c99ae99b83c3b51
04-05-2026,1129,Rishit,1131,2,15,69f894216c99ae99b83c3b51
04-05-2026,1128,Tvesa,1131,3,10,69f894216c99ae99b83c3b51
04-05-2026,1127,Aaryav,1131,4,8,69f894216c99ae99b83c3b51
04-05-2026,1126,Govind,1131,5,5,69f894216c99ae99b83c3b51
04-05-2026,1123,Mahesh,1131,8,3,69f894216c99ae99b83c3b51
04-05-2026,1122,Suresh,1131,9,3,69f894216c99ae99b83c3b51
04-05-2026,1121,Aniket,1131,10,2,69f894216c99ae99b83c3b51
04-05-2026,1120,Rivaan,1131,11,2,69f894216c99ae99b83c3b51
04-05-2026,1125,Prakash,1131,6,5,69f894216c99ae99b83c3b51
04-05-2026,1117,Darsh,1131,14,10,69f895a62900733b7f8e5923
04-05-2026,1116,Kiaan,1131,15,5,69f895a62900733b7f8e5923
04-05-2026,1115,Vihan,1131,16,5,69f895a62900733b7f8e5923
04-05-2026,1114,Aadvik,1131,17,5,69f895a62900733b7f8e5923
04-05-2026,1113,Daniel,1131,18,5,69f895a62900733b7f8e5923
04-05-2026,1112,Oliver,1131,19,5,69f895a62900733b7f8e5923
04-05-2026,1111,Arav,1131,20,2.5,69f895a62900733b7f8e5923
04-05-2026,1110,Rudra,1131,21,2.5,69f895a62900733b7f8e5923
04-05-2026,1109,Sukan,1131,22,2.5,69f895a62900733b7f8e5923
04-05-2026,1107,Nilam,1131,23,2.5,69f895a62900733b7f8e5923
04-05-2026,1108,Prayag,1131,24,2.5,69f895a62900733b7f8e5923
04-05-2026,1,Dev Manish Shah,1131,25,2.5,69f895a62900733b7f8e5923
04-05-2026,1118,Haridaan,1131,13,10,69f895a62900733b7f8e5923
04-05-2026,1119,Avyaan,1131,12,10,69f895a62900733b7f8e5923
04-05-2026,1120,Rivaan,1131,11,10,69f895a62900733b7f8e5923
04-05-2026,1121,Aniket,1131,10,10,69f895a62900733b7f8e5923
04-05-2026,1122,Suresh,1131,9,15,69f895a62900733b7f8e5923
04-05-2026,1123,Mahesh,1131,8,15,69f895a62900733b7f8e5923
04-05-2026,1124,Harshad,1131,7,15,69f895a62900733b7f8e5923
04-05-2026,1125,Prakash,1131,6,25,69f895a62900733b7f8e5923
04-05-2026,1126,Govind,1131,5,25,69f895a62900733b7f8e5923
04-05-2026,1127,Aaryav,1131,4,40,69f895a62900733b7f8e5923
04-05-2026,1128,Tvesa,1131,3,50,69f895a62900733b7f8e5923
04-05-2026,1129,Rishit,1131,2,75,69f895a62900733b7f8e5923
04-05-2026,1130,Samarth,1131,1,150,69f895a62900733b7f8e5923
